symptom,category
5mg ambien,Sleep.disturbance
a worrier,Depression
abandonment,Depression
abdoinal pain,Pain
abdomenal pain,Pain
abdomianl pain,Pain
abdominal bloating,GI.symptoms
abdominal cramping,Pain
abdominal discomfort,Pain
abdominal distention,GI.symptoms
abdominal pain,Pain
abdominal pain nausea,Pain
abdominal pain nausea vomiting,Pain
abdominal pains,Pain
abdominal tenderness,GI.symptoms
abdonminal tenderness,GI.symptoms
abnormal perceptions,CNS
abodminal pain,Pain
abominal pain,Pain
abraded areas,Skin.Changes
abraisions,Skin.Changes
abrasions,Skin.Changes
abrasions bruises,Skin.Changes
abrasions contusions,Skin.Changes
abscess,Myelosuppressed symptoms
ache,Pain
ached,Pain
acheing,Pain
aches,Pain
achey,Pain
achiness,Pain
aching,Pain
aching constant,Pain
achy,Pain
acid reflux,GI.symptoms
acid taste,GI.symptoms
active suicidal ideation,Depression
acute distress,Fatigue
acute onset left flank,Pain
acute pulmonary edema,Cardiopulmonary.symptoms
adbominal pain,Pain
adenopathy,Myelosuppressed symptoms
administer laxatives,GI.symptoms
adynamic ileus,GI.symptoms
affect lack,Depression
agaitation,Anxiety.Anger
aggitaion,Anxiety.Anger
aggitated,Anxiety.Anger
aggitation,Anxiety.Anger
aggitation tachypnea,Anxiety.Anger
aggitiation,Anxiety.Anger
aggressive behavior,Anxiety.Anger
agiation,Anxiety.Anger
agitaion,Anxiety.Anger
agitaiton,Anxiety.Anger
agitatation,Anxiety.Anger
agitated,Anxiety.Anger
agitated behavior,Anxiety.Anger
agitatied,Anxiety.Anger
agitation,Anxiety.Anger
agitation restlessness,Anxiety.Anger
agitations,Anxiety.Anger
agitaton,Anxiety.Anger
agitiation,Anxiety.Anger
agititation,Anxiety.Anger
agitition,Anxiety.Anger
agtation,Anxiety.Anger
air hunger,Cardiopulmonary.symptoms
air hungry,Cardiopulmonary.symptoms
airhunger,Cardiopulmonary.symptoms
alert dozing,Fatigue
alert dozing intermittently,Fatigue
almost fainted,CNS
alprazolam,Sleep.disturbance
altered blood in stool,Myelosuppressed symptoms
altered sensation,CNS
altered sense of smell,GI.symptoms
altered sense of taste,GI.symptoms
ambein,Sleep.disturbance
ambian,Sleep.disturbance
ambien,Sleep.disturbance
ambien 10mg,Sleep.disturbance
ambien 10mg hs,Sleep.disturbance
ambien 5mg,Sleep.disturbance
ambien trazodone,Sleep.disturbance
ambivalent feelings,Depression
amiben,Sleep.disturbance
amts thk,Cardiopulmonary.symptoms
an antidepressant,Depression
anger,Anxiety.Anger
anger about,Anxiety.Anger
anginal,Pain
angry,Anxiety.Anger
angry management,Anxiety.Anger
angry mood,Anxiety.Anger
anhedonia,Depression
anorexia,GI.symptoms
anorexia nausea,GI.symptoms
anorexic,GI.symptoms
anticipatory grief,Depression
antinausea medication,GI.symptoms
antsy,Depression
anxiety,Anxiety.Anger
anxiety agitation,Anxiety.Anger
anxiety disorder,Anxiety.Anger
anxiety panic,Anxiety.Anger
anxiety restlessness,Anxiety.Anger
anxietydepression,Depression
anxietydepression,Anxiety.Anger
anxious,Anxiety.Anger
anxiousness,Anxiety.Anger
any numbness,CNS
any numbness tingling,CNS
anzement,GI.symptoms
apathetic,Depression
apathy,Depression
aphasias,CNS
appears discouraged,Depression
appetite change,GI.symptoms
appetite is poor,GI.symptoms
arm weakness,CNS
arms palpitations diaphoresis,CNS
arthalgia,Pain
arthalgias,Pain
arthralgia,Pain
arthralgias,Pain
arthritis arthralgias or,Pain
asleep,Fatigue
asleep wakes,Fatigue
associated nausea diaphoresis,GI.symptoms
atarax,Skin.Changes
atc haldol,Anxiety.Anger
ate little,GI.symptoms
ativan,Anxiety.Anger
ativan 1mg q4hr,Anxiety.Anger
ativan ivp,Anxiety.Anger
attempt suicide,Depression
atvian,Anxiety.Anger
auditory disturbances,CNS
auditory hallucinations,CNS
awakens easily,Fatigue
awful,Depression
azemet,GI.symptoms
back ache,Pain
back pain,Pain
backache,Pain
backpain,Pain
bad taste,GI.symptoms
barely slept,Fatigue
barrier creme,Skin.Changes
became nauseated,GI.symptoms
became nauseous,GI.symptoms
becomes easily anxious,Anxiety.Anger
becomes teary,Depression
becomes very upset,Anxiety.Anger
becoming quite agitated,Anxiety.Anger
been feeling more fatigued,Fatigue
began feeling weak,Fatigue
being sad,Depression
being scared,Depression
being too tired,Fatigue
being very thirsty,GI.symptoms
belching,GI.symptoms
belly ache,Pain
benadryl,Skin.Changes
benadryl sarna lotion,Skin.Changes
benadryl topical ointment,Skin.Changes
benzodiazapine use,Sleep.disturbance
bifrontal headache,Pain
bilous emesis,GI.symptoms
bisacodyl suppositories,GI.symptoms
black bowel movements,Myelosuppressed symptoms
black stool,Myelosuppressed symptoms
black stools,Myelosuppressed symptoms
black stools lightheadedness,Myelosuppressed symptoms
black tarry,Myelosuppressed symptoms
black tarry stool,Myelosuppressed symptoms
black tarry stools,Myelosuppressed symptoms
black vomitus,Myelosuppressed symptoms
black watery,Myelosuppressed symptoms
bleeding,Myelosuppressed symptoms
bleeding gums,Myelosuppressed symptoms
bleeding gums nose,Myelosuppressed symptoms
blister,Skin.Changes
blister sites,Skin.Changes
blistering,Skin.Changes
blistering dermatology following,Skin.Changes
blisters,Skin.Changes
bloated,GI.symptoms
bloated feeling,GI.symptoms
bloating,GI.symptoms
bloating gas,GI.symptoms
blood per rectum,Myelosuppressed symptoms
bloody bowel movements,Myelosuppressed symptoms
bloody emesis,Myelosuppressed symptoms
bloody stools,Myelosuppressed symptoms
bloody stools dark tarry,Myelosuppressed symptoms
blotchy rash,Skin.Changes
blunted affect,Depression
blurred vision,CNS
blurry vision,CNS
bm failed lacutose,GI.symptoms
bone pain,Pain
bored,Depression
boredom,Depression
bowel loose movements,GI.symptoms
bowel regimen,GI.symptoms
bpbpr,Myelosuppressed symptoms
brbpr,Myelosuppressed symptoms
breath palpitations lightheadedness,Cardiopulmonary.symptoms
breathing worsened,Cardiopulmonary.symptoms
brief naps,Fatigue
bright red,Myelosuppressed symptoms
bright red blood with stool,GI.symptoms
bright red blood with stool,Myelosuppressed symptoms
broken blisters,Skin.Changes
brown mucoid stool,GI.symptoms
brown stool,GI.symptoms
brpbr,Myelosuppressed symptoms
bruise,Skin.Changes
bruises,Skin.Changes
bruising,Skin.Changes
brusies,Skin.Changes
brusing,Skin.Changes
bulky right hilar,Myelosuppressed symptoms
burning,Pain
burning chest pain,Pain
burning epigastric,GI.symptoms
burning feeling,Pain
burning sensation,Pain
burning sensations,Pain
burning urination,Myelosuppressed symptoms
burning when,Pain
burping,GI.symptoms
but easily awakens,Sleep.disturbance
but easily awakes,Sleep.disturbance
but easily woken,Sleep.disturbance
c diff,GI.symptoms
c difficile,GI.symptoms
c o thirst,GI.symptoms
cachectic,GI.symptoms
can not see a future,Depression
cat naps,Sleep.disturbance
catnaps,Sleep.disturbance
caugh,Cardiopulmonary.symptoms
cdiff,GI.symptoms
cellulitis,Skin.Changes
cervical adenopathy,Myelosuppressed symptoms
cervical lymphadenopathy,Myelosuppressed symptoms
cheat pain,Pain
chest burning,Pain
chest discomfort,Pain
chest discomfort palpitations,Cardiopulmonary.symptoms
chest heaviness,Pain
chest pain,Pain
chest pain palpitations,Cardiopulmonary.symptoms
chest pain palpitations diaphoresis,Cardiopulmonary.symptoms
chest pain palpitations dizziness,Cardiopulmonary.symptoms
chest pain palpitations orthopnea,Cardiopulmonary.symptoms
chest pain palps,Cardiopulmonary.symptoms
chest pains,Pain
chest pian,Pain
chest pressure,Cardiopulmonary.symptoms
chest tightness,Cardiopulmonary.symptoms
chestpain,Pain
chills,Myelosuppressed symptoms
chills chest pains,Cardiopulmonary.symptoms
chills headache,Myelosuppressed symptoms
chills night,Myelosuppressed symptoms
chills night sweats,Myelosuppressed symptoms
chills sweats,Myelosuppressed symptoms
chills sweats chest pain,Cardiopulmonary.symptoms
chills sweats chest pain,Myelosuppressed symptoms
chils,Myelosuppressed symptoms
chronic pain,Pain
chronic pain epiduarl,Pain
claudication orthopnea,Cardiopulmonary.symptoms
claudication orthopnea paroxysmal nocturnal,Cardiopulmonary.symptoms
clearly upset,Anxiety.Anger
clonaxepam,Anxiety.Anger
clonazepam,Anxiety.Anger
clonazepam fluoxetine,Anxiety.Anger
clonipen,Sleep.disturbance
clonopin,Sleep.disturbance
clostridium difficile,GI.symptoms
clostrophobic,Anxiety.Anger
clubbing,Skin.Changes
clumsiness,CNS
cns dysfunction,CNS
co nausea,GI.symptoms
coagulation disorders,Myelosuppressed symptoms
coffee ground emesis,Myelosuppressed symptoms
coffee grounds,Myelosuppressed symptoms
coffee grounds emesis,Myelosuppressed symptoms
cogh,Cardiopulmonary.symptoms
cognitive impairments,CNS
colace,GI.symptoms
colace 100mg twice a,GI.symptoms
colace 100mg twice daily,GI.symptoms
cold,CNS
cold numb,CNS
cold symptoms,Myelosuppressed symptoms
coldness,CNS
coldness or,CNS
combatitiveness,Depression
communicates via nodding,Fatigue
complained of burning,Pain
complainer,Depression
complaining of feeling sick,GI.symptoms
complaining of flu like,Myelosuppressed symptoms
complaned,Anxiety.Anger
complicated by neuropathy,CNS
complicated by retinopathy nephropathy,CNS
complicated by retinopathy neuropathy,CNS
concerned,Anxiety.Anger
conflicted about,Depression
confused,CNS
confusin,CNS
confusin,CNS
confusion agitation,Anxiety.Anger
confusion combativeness,Depression
confusion lethargy,CNS
confusions,CNS
confustion,CNS
congested cough,Cardiopulmonary.symptoms
congestion,Cardiopulmonary.symptoms
consider narcotics overdose,Depression
consipation,GI.symptoms
consitipation,GI.symptoms
consitpation,GI.symptoms
conspitation,GI.symptoms
constant ache,Pain
constant burning,Pain
constant sharp,Pain
constiaption,GI.symptoms
constip,GI.symptoms
constipaion,GI.symptoms
constipaiton,GI.symptoms
constipated,GI.symptoms
constipated lately,GI.symptoms
constipatin,GI.symptoms
constipation,GI.symptoms
constipation brbpr,Myelosuppressed symptoms
constipation hematochezia,Myelosuppressed symptoms
constipation melena,Myelosuppressed symptoms
constipaton,GI.symptoms
constiptation,GI.symptoms
constitutional fatigue fever malaise,Fatigue
constpation,GI.symptoms
constricted affect,Depression
contipation,GI.symptoms
coolness,CNS
cooperative dozing,Fatigue
coough,Cardiopulmonary.symptoms
copd exacerbation now readmitted,Depression
coryza,Myelosuppressed symptoms
cosntipation,GI.symptoms
cough,Cardiopulmonary.symptoms
cough effort,Cardiopulmonary.symptoms
cough getting stronger,Cardiopulmonary.symptoms
cough reflex,Cardiopulmonary.symptoms
cough sneezing,Myelosuppressed symptoms
coughin,Cardiopulmonary.symptoms
coughing,Cardiopulmonary.symptoms
coughs,Cardiopulmonary.symptoms
coughs weakly,Cardiopulmonary.symptoms
cought,Cardiopulmonary.symptoms
couhg,Cardiopulmonary.symptoms
cp,Pain
cp sob,Cardiopulmonary.symptoms
cp sob dysuria,Cardiopulmonary.symptoms
cpain,Pain
crabby,Depression
cramping,Pain
cramps,Pain
crampy,Pain
crampy abdominal pain,Pain
crampy epigastric pain,GI.symptoms
crampy lower,Pain
cranky,Depression
cries a lot,Depression
crust,Skin.Changes
crusting,Skin.Changes
crying,Depression
crying spells patient agrees,Depression
current suicidal ideation,Depression
dairrhea,GI.symptoms
dark black stools,Myelosuppressed symptoms
dark black tarry stools,Myelosuppressed symptoms
dark brown liquid stool,Myelosuppressed symptoms
dark stool,Myelosuppressed symptoms
dark stools,Myelosuppressed symptoms
dark tarry,Myelosuppressed symptoms
dark tarry stool,Myelosuppressed symptoms
dark tarry stools,Myelosuppressed symptoms
darker stools,Myelosuppressed symptoms
daytime sleepiness,Fatigue
daytime somnolence,Fatigue
deconditioing,Fatigue
deconditioning,Fatigue
deconditoned,Fatigue
decrease endurance,Fatigue
decreased activity tolerance,Fatigue
decreased apetite,GI.symptoms
decreased appetite,GI.symptoms
decreased appetitie,GI.symptoms
decreased appetitite,GI.symptoms
decreased endurance,Fatigue
decreased energy,Fatigue
decreased exercise,Fatigue
decreased exercise tolerance,Fatigue
decreased frequency of bowel movements,GI.symptoms
decreased functional mobility,Fatigue
decreased interest,Depression
decreased oral intake,GI.symptoms
decreased po intake,GI.symptoms
decreased sensation,CNS
decreased thirst,GI.symptoms
deeling isolated,Depression
defecation painurgency,GI.symptoms
delerium,CNS
delirious,CNS
delirium,CNS
delusional,CNS
delusional behavior,CNS
delusional thoughts,CNS
delusions,CNS
deprecation,Depression
depressed discouraged,Depression
depressed flat affect,Depression
depressed mood,Depression
depressed mood denies si,Depression
depression,Depression
depressive,Depression
depressive disorder,Depression
depressive sx,Depression
depressive symptom,Depression
depressive symptoms,Depression
dermatitis,Skin.Changes
despair,Depression
desquamation,Skin.Changes
devastated by,Depression
develop lightheadedness,CNS
diabetic neuropathy,CNS
diahrea,GI.symptoms
diahrrea,GI.symptoms
diaphoreses rebolused,CNS
diaphoresis,CNS
diaphoresis lightheadedness palpitations,Cardiopulmonary.symptoms
diaphoresis nausea vomiting,CNS
diaphoresis palpitations,Cardiopulmonary.symptoms
diarhea,GI.symptoms
diarhea constipation,GI.symptoms
diarhhea,GI.symptoms
diarrea,GI.symptoms
diarreha,GI.symptoms
diarrehea,GI.symptoms
diarrha,GI.symptoms
diarrhaea,GI.symptoms
diarrhe,GI.symptoms
diarrhea,GI.symptoms
diarrhea c,GI.symptoms
diarrhea consitpation,GI.symptoms
diarrhea constipation,GI.symptoms
diarrheal,GI.symptoms
diarrheal stool,GI.symptoms
diarrhoea,GI.symptoms
diarrrhea,GI.symptoms
did doze,Fatigue
didn t sleep,Sleep.disturbance
difficulties sleeping,Sleep.disturbance
difficulties swallowing,GI.symptoms
difficultly swallowing,GI.symptoms
difficulty chewing,GI.symptoms
difficulty climbing stairs,Fatigue
difficulty defacating,GI.symptoms
difficulty falling asleep,Fatigue
difficulty opening bowels,GI.symptoms
difficulty passing stools,GI.symptoms
difficulty sleeping,Sleep.disturbance
difficulty swallowing,GI.symptoms
difficulty swallowing pills,GI.symptoms
difficulty swollowing,GI.symptoms
difficuly swallowing,GI.symptoms
difficutly swallowing,GI.symptoms
diffiuclty coping,Anxiety.Anger
diffuse abdominal pain,Pain
diffuse crampy,Pain
diffusely slow,Fatigue
diffusely slow indicative of,Fatigue
diffusely slowed,Fatigue
diplopia dysarthria,CNS
dirrhea,GI.symptoms
disappointment,Depression
disbelief,Depression
discoloration,Skin.Changes
discomfort,Pain
discomport,Pain
discouraged,Depression
dismay,Depression
disorientation,CNS
dissapointed,Depression
distended,GI.symptoms
distension,GI.symptoms
distention,GI.symptoms
disteress,Fatigue
disterss,Fatigue
distess,Fatigue
distraught,Depression
distraut,Depression
distree,Fatigue
distres,Fatigue
distress,Fatigue
distressed,Fatigue
disturbed sleep,Sleep.disturbance
ditress,Fatigue
diziness,Cardiopulmonary.symptoms
dizzeness,Cardiopulmonary.symptoms
dizzines,Cardiopulmonary.symptoms
dizziness,Cardiopulmonary.symptoms
dizziness blurred,CNS
dizziness fainting,Cardiopulmonary.symptoms
dizziness lightheadedness,Cardiopulmonary.symptoms
dizziness nausea,Cardiopulmonary.symptoms
dizziness palpitations,Cardiopulmonary.symptoms
dizziness visual changes,CNS
dizzinesss,Cardiopulmonary.symptoms
dizziniess,Cardiopulmonary.symptoms
dizzness,Cardiopulmonary.symptoms
dizzy,Cardiopulmonary.symptoms
dizzynes,Cardiopulmonary.symptoms
dizzyness,Cardiopulmonary.symptoms
dm2 neuropathy,CNS
doe,Cardiopulmonary.symptoms
does endorse depressed mood,Depression
does not trust,Depression
dolor,Pain
domperidone elcon,GI.symptoms
doozing,Fatigue
double vision,CNS
doxepin,Skin.Changes
doze intermittently,Fatigue
dozed,Fatigue
dozed intermittently,Fatigue
dozes intermittently,Fatigue
dozing,Fatigue
dozing but easily,Fatigue
dozing intermit,Fatigue
dozing intermittantly,Fatigue
dozing intermittently,Fatigue
dozing intermittently overnoc,Fatigue
dozing intermittently throughout,Fatigue
dozing off,Fatigue
draining liquid golden stool,GI.symptoms
dread,Anxiety.Anger
drinking gingerale,GI.symptoms
drousy,Depression
drowsiness,Fatigue
drowsy,Fatigue
dry cough,Cardiopulmonary.symptoms
dry eyes,Skin.Changes
dry heaves,GI.symptoms
dry heaving,GI.symptoms
dry itchy skin,Skin.Changes
dry lips,GI.symptoms
dry mouth,GI.symptoms
dry scabs,Skin.Changes
dryness,Skin.Changes
dsypnea,Cardiopulmonary.symptoms
ductive cough shortness of,Cardiopulmonary.symptoms
dulcolax,GI.symptoms
dull ache,Pain
dull headache,Pain
duodrem,Skin.Changes
dying which may,Depression
dypnea,Cardiopulmonary.symptoms
dypsnea,Cardiopulmonary.symptoms
dypspnea,Cardiopulmonary.symptoms
dysnea,Cardiopulmonary.symptoms
dysnpea,Cardiopulmonary.symptoms
dysnpnea,Cardiopulmonary.symptoms
dyspagia,GI.symptoms
dyspea,Cardiopulmonary.symptoms
dyspepsia,GI.symptoms
dysphagia,GI.symptoms
dysphagia solids liquids,GI.symptoms
dyspne,Cardiopulmonary.symptoms
dyspnea,Cardiopulmonary.symptoms
dyspnea orthopnea,Cardiopulmonary.symptoms
dyspneic,Cardiopulmonary.symptoms
dyspnoea,Cardiopulmonary.symptoms
dysuria,Myelosuppressed symptoms
dysuria lightheadedness,Cardiopulmonary.symptoms
dyzziness,Cardiopulmonary.symptoms
ear aches,Pain
earache,Pain
early satiety,GI.symptoms
easily irritated,Depression
easily startled,Anxiety.Anger
easy bleeding,Myelosuppressed symptoms
easy bruising,Skin.Changes
easy fatigability,Fatigue
ecchymoses,Skin.Changes
ecchymosis,Skin.Changes
ecchymosis over,Skin.Changes
ecchymosis over right foot,Skin.Changes
ecchymotic,Skin.Changes
ecchymotic area,Skin.Changes
ecchymotic areas,Skin.Changes
ecchyomsis,Skin.Changes
eccyhmotic areas,Skin.Changes
eccymoses,Skin.Changes
eccymosis,Skin.Changes
eccymossis,Skin.Changes
eccymotic areas,Skin.Changes
echymosis,Skin.Changes
eczema,Skin.Changes
eczematous,Skin.Changes
edema,Cardiopulmonary.symptoms
embarrassed about,Depression
emesis,GI.symptoms
emesis diarrhea constipation,GI.symptoms
emotional,Depression
emotional depression,Depression
emotional indifference,Depression
emotional tension,Anxiety.Anger
emotionally cold,Depression
emotionally detatched,Depression
emotionally subdued,Depression
emotionaly,Depression
encephalopathy,CNS
encourage po intake,GI.symptoms
encouraged increased oral intake,GI.symptoms
encouraged oral,GI.symptoms
encouraged oral intake,GI.symptoms
endorses orthopnea,Cardiopulmonary.symptoms
endurance deficits,CNS
energy loss,Fatigue
epigastric,GI.symptoms
epigastric abdominal pain,GI.symptoms
epigastric burning,GI.symptoms
epigastric discomfort,GI.symptoms
epigastric pain,GI.symptoms
epistaxis,Myelosuppressed symptoms
eroding lesion,Skin.Changes
errythema,Skin.Changes
ertythema,Skin.Changes
eryhtematous,Skin.Changes
erythema,Skin.Changes
erythematous,Skin.Changes
erythematous maculopapular rash,Skin.Changes
erythematous pruritic,Skin.Changes
erythematous rash,Skin.Changes
erythemic areas,Skin.Changes
erythemtous,Skin.Changes
euthymic,Depression
everything hurts,Depression
excessive daytime sleepiness,Fatigue
excessive sleep,Fatigue
excessive sleepiness,Fatigue
exercise intolerance,Fatigue
exertion,Cardiopulmonary.symptoms
exertion orthopnea,Cardiopulmonary.symptoms
exertion orthopnea paroxysmal nocturnal,Cardiopulmonary.symptoms
exertion orthopnea pnd,Cardiopulmonary.symptoms
exertion pnd orthopnea,Cardiopulmonary.symptoms
exertional dyspnea,Cardiopulmonary.symptoms
exfoliating,Skin.Changes
exfoliation,Skin.Changes
exhausted,Fatigue
exhaustion,Fatigue
expectorate mod amt,Cardiopulmonary.symptoms
expectorating thick tan sputum,Cardiopulmonary.symptoms
experience worsening weakness,CNS
experienced some nausea,GI.symptoms
express concern about,Depression
expresses regret,Depression
expressing fear,Depression
expressing fears,Depression
expressing suicidal,Depression
expressing suicidal ideation,Depression
extreme agitation,Anxiety.Anger
extreme frustration,Depression
extreme restlessness,Anxiety.Anger
extremely fatigued,Depression
extremely low voltage,Fatigue
extremeties weakly,Fatigue
eye pain,Pain
eyes dry,Skin.Changes
eyrthema,Skin.Changes
fainting,CNS
fainting dizziness,CNS
falling asleep during interview,Depression
falls asleep during conversation,Depression
fatigue,Fatigue
fatigue anorexia,GI.symptoms
fatigued,Depression
fatigued appearing male,Depression
fear,Anxiety.Anger
fear,Depression
fearful,Anxiety.Anger
fears,Depression
fears about,Depression
febrile,Myelosuppressed symptoms
febrile neutropenia,Myelosuppressed symptoms
fecal incontinence,GI.symptoms
feel drowsy,Fatigue
feel fatigue,Fatigue
feel lightheaded dizzy,Cardiopulmonary.symptoms
feel pain,Pain
feel tired,Fatigue
feeling a loss of feeling,Depression
feeling angry,Anxiety.Anger
feeling bilious,GI.symptoms
feeling blue,Depression
feeling clammy,Skin.Changes
feeling depressed,Depression
feeling despair,Depression
feeling discouraged,Depression
feeling down,Depression
feeling drowsy,Fatigue
feeling empty,Depression
feeling extremely fatigued,Fatigue
feeling fearful,Anxiety.Anger
feeling foggy,CNS
feeling gassy,GI.symptoms
feeling helpless,Depression
feeling jittery,Anxiety.Anger
feeling jittery,CNS
feeling lost,Depression
feeling overwhelmed,Depression
feeling queasy,GI.symptoms
feeling sick,GI.symptoms
feeling stressed,Depression
feeling terrible,Depression
feelings anxieties about,Anxiety.Anger
feelings fears,Depression
feelings of fear,Anxiety.Anger
feels helpless,Depression
feels nauseous,GI.symptoms
feels overwhelmed,Depression
feels thirsty,GI.symptoms
feels tired,Fatigue
feels unhappy,Depression
feels unloved,Depression
feels upset,Anxiety.Anger
felt generally unwell,Fatigue
felt increasingly fatigued,Fatigue
felt nauseated,GI.symptoms
felt nauseous,GI.symptoms
felt overall unwell,Anxiety.Anger
felt upset,Anxiety.Anger
felt woozy,Anxiety.Anger
feve,Myelosuppressed symptoms
fever,Myelosuppressed symptoms
fever chills,Myelosuppressed symptoms
fever chills,Myelosuppressed symptoms
fever chills cp sob,Cardiopulmonary.symptoms
fever leukocytosis,Myelosuppressed symptoms
fever spike,Myelosuppressed symptoms
fevere,Myelosuppressed symptoms
feveres,Myelosuppressed symptoms
fevers,Myelosuppressed symptoms
fevers chills,Myelosuppressed symptoms
fevers chills myalgias,Myelosuppressed symptoms
fevers chills night sweats,Myelosuppressed symptoms
fevers chills sob cp,Cardiopulmonary.symptoms
feves,Myelosuppressed symptoms
fevre,Myelosuppressed symptoms
fevrs,Myelosuppressed symptoms
fibromyalgia,CNS
fidgiting,Anxiety.Anger
figgity,Depression
fine hand tremors,CNS
fissurs,Skin.Changes
flairing,Pain
flank pain,Pain
flaring grunting,Pain
flat affect,Depression
flattened affect,Depression
flighty,Depression
flu like illnesses,Pain
fluid retention,Cardiopulmonary.symptoms
focal weakness,CNS
foggy memory,Depression
folliculitis,Skin.Changes
forgetfull,CNS
forgetfulness,CNS
foul language,Anxiety.Anger
freq belching,GI.symptoms
frequent stools,GI.symptoms
frequently tearful,Depression
frightened,Depression
frightful,Depression
frontal headache,Pain
frustrated,Depression
frustrated about,Depression
frustration,Depression
frustration about,Depression
frustration over,Depression
fustrated,Depression
gas bloating,GI.symptoms
gas pains,GI.symptoms
gassy feeling,GI.symptoms
gastric upset,GI.symptoms
gastrointestinal emesis diarrhea,GI.symptoms
gastrointestinal hemorrhage,Myelosuppressed symptoms
gastroparesis,GI.symptoms
gastroparesis neuropathy,CNS
gasy,GI.symptoms
gauaic positive,Myelosuppressed symptoms
gelatinous stool,GI.symptoms
general aches,Fatigue
general achiness,Fatigue
general deconditioning,Fatigue
general somewhat anxious,Anxiety.Anger
generalized discomfort,Fatigue
generalized pruritis,Skin.Changes
generalized slowing suggestive of,Fatigue
generalized weakness,Fatigue
get tired easily,Fatigue
getting very frustrated,Depression
gi bleed,Myelosuppressed symptoms
gi bleeding,Myelosuppressed symptoms
gi upset,GI.symptoms
gingival bleeding,Myelosuppressed symptoms
gingival enlargement,Myelosuppressed symptoms
gitation,Anxiety.Anger
given 50mg benadryl,Skin.Changes
golden brown,GI.symptoms
golden colored,GI.symptoms
green brown stool,GI.symptoms
green liquid stool,GI.symptoms
green loose,GI.symptoms
green stool,GI.symptoms
green watery,GI.symptoms
green yellow phlegm,Myelosuppressed symptoms
greenish brown,GI.symptoms
greenish watery,GI.symptoms
grief,Depression
groggy,Fatigue
gruff,Depression
guaiac positive stool,Myelosuppressed symptoms
guiac,Myelosuppressed symptoms
guiac positive,Myelosuppressed symptoms
guilt,Depression
guilty,Depression
gum bleeding,Myelosuppressed symptoms
ha dizziness,Cardiopulmonary.symptoms
ha sorethroat,Pain
had a lack of energy,Fatigue
halcion,Skin.Changes
haldol,Anxiety.Anger
haldol 3mg iv,Anxiety.Anger
haldol prn,Anxiety.Anger
haliperidol,Anxiety.Anger
hallucinating,CNS
hallucination,CNS
hallucinations,CNS
halucination,CNS
halucinations,CNS
hard to sleep through night,Sleep.disturbance
hardly slept,Sleep.disturbance
have pain,Pain
having bad dreams,Sleep.disturbance
having difficulty sleeping,Sleep.disturbance
having nightmares,Sleep.disturbance
heacache,Pain
heachache,Pain
head ache,Pain
head aches,Pain
headace,Pain
headach,Pain
headache,Pain
headache backache,Pain
headache dizziness chest pain,Cardiopulmonary.symptoms
headache neck stiffness,CNS
headache visual disturbances,CNS
headached,Pain
headaches,Pain
headaches dizziness chest pain,Cardiopulmonary.symptoms
headaches visual changes,CNS
headaches weakness numbness,CNS
headacke,Pain
headahce,Pain
headcahe,Pain
headche,Pain
headedness dizziness,Cardiopulmonary.symptoms
hearburn,GI.symptoms
hearing tinnitus,CNS
hearing voices,CNS
heart burn,GI.symptoms
heart fluttering,Cardiopulmonary.symptoms
heart irregularities,Cardiopulmonary.symptoms
heart pounds,Cardiopulmonary.symptoms
heart races,Cardiopulmonary.symptoms
heart racing,Cardiopulmonary.symptoms
heart throb,Cardiopulmonary.symptoms
heartburn,GI.symptoms
heat rash,Skin.Changes
help me sleep,Sleep.disturbance
helpless,Depression
helplessness,Depression
hematachezia,Myelosuppressed symptoms
hematemasis,Myelosuppressed symptoms
hematemasis brbpr,Myelosuppressed symptoms
hematemasis hematochezia,Myelosuppressed symptoms
hematemesis,Myelosuppressed symptoms
hematemsis,Myelosuppressed symptoms
hematochezia,Myelosuppressed symptoms
hematochezia brbpr,Myelosuppressed symptoms
hematochezia cough hemoptysis,Myelosuppressed symptoms
hematochezia hematuria,Myelosuppressed symptoms
hematochezia melana,Myelosuppressed symptoms
hematochezia melena,Myelosuppressed symptoms
hematoemesis,Myelosuppressed symptoms
hematuria,Myelosuppressed symptoms
hemetemesis,Myelosuppressed symptoms
hemorrhage,Myelosuppressed symptoms
hemorrhoid,GI.symptoms
hemorrhoidal,GI.symptoms
hemorrhoids,GI.symptoms
hemorrohoids,GI.symptoms
hi hallucinations,CNS
hip joint pain,Pain
hoarseness,Myelosuppressed symptoms
homicidal,Depression
homicidal ideations,Depression
hopeless,Depression
hopelessness,Depression
hot flashes,Anxiety.Anger
hungry thirsty,GI.symptoms
hyperactivity,Anxiety.Anger
hypersomnia,Fatigue
hypotension,Cardiopulmonary.symptoms
hypotensive,Cardiopulmonary.symptoms
hypotention,Cardiopulmonary.symptoms
hypoxia,Cardiopulmonary.symptoms
hypoxic,Cardiopulmonary.symptoms
hypoxic complain,Cardiopulmonary.symptoms
i feel fatigued,Fatigue
immodium,GI.symptoms
immunocompromised,Myelosuppressed symptoms
imodium,GI.symptoms
impaired cognition,CNS
impaired cognitive,CNS
impaired cognitive status,CNS
impaired endurance,Fatigue
impaired functional,Fatigue
impaired functional mobility,Fatigue
impaired judgement,CNS
impaired mobility,Fatigue
inappropriate affect,Depression
incentive spirometry,Cardiopulmonary.symptoms
incisional discomfort,Pain
incisional pain,Pain
incisional soreness,Pain
increased lethargy,Fatigue
increased need for rest,Fatigue
increased oxygen requirements,Cardiopulmonary.symptoms
increased redness soreness,Skin.Changes
increased sleep,Fatigue
increased somnolence,Fatigue
increasing confusion,CNS
increasing dyspnea,Cardiopulmonary.symptoms
increasing lethargy,Fatigue
increasing redness,Skin.Changes
increasingly tight,Pain
indifference,Depression
indigestion,GI.symptoms
infection,Myelosuppressed symptoms
inflammation,Myelosuppressed symptoms
insistant,Depression
insomnia,Sleep.disturbance
intching,Skin.Changes
intermittent crampy,Pain
intermittent sharp,Pain
intermittently dozing,Fatigue
irritability,Anxiety.Anger
irritable,Anxiety.Anger
is upset,Anxiety.Anger
itch,Skin.Changes
itchiness,Skin.Changes
itching,Skin.Changes
itching apply,Skin.Changes
itchy,Skin.Changes
itchy areas,Skin.Changes
itchy eyes,Skin.Changes
jaundice,Skin.Changes
jaw pain,Pain
jet black,Myelosuppressed symptoms
jittery,Depression
join pain,Pain
joint pain,Pain
joint pain rashes,Pain
joint pains,Pain
jugular venous distention,Myelosuppressed symptoms
jugulovenous distension,Myelosuppressed symptoms
jugulovenous distention,Myelosuppressed symptoms
just feels weak,Fatigue
jvp 13cm,Myelosuppressed symptoms
keeping eyes closed,Fatigue
klonipin,Sleep.disturbance
klonopin,Sleep.disturbance
knee back shoulder pain,Pain
knee pain,Pain
labile mood,Anxiety.Anger
lack of appetite,GI.symptoms
lack of energy,Fatigue
lack of interst,Depression
lack of motivation,Depression
lack of sleep,Sleep.disturbance
lack of taste,GI.symptoms
lactulose,GI.symptoms
laryngeal pain,Pain
latered mental status,Depression
lathargic,Depression
laxative,GI.symptoms
laxatives,GI.symptoms
lb weight loss,GI.symptoms
left flank pain,Pain
left sided weakness,CNS
left weakness,CNS
leg numbness,CNS
leg weakness,CNS
lehtargic,Fatigue
less interactive than usual,Fatigue
less motivated,Depression
less tearful,Depression
letahrgic,Fatigue
letargic,Fatigue
lethagic,Fatigue
lethagry,Fatigue
lethargic,Fatigue
lethargic arousing,Fatigue
lethargy,Fatigue
lethary,Fatigue
lethergic,Fatigue
lethergy,Fatigue
lethrgic,Fatigue
levo,Cardiopulmonary.symptoms
levophed,Cardiopulmonary.symptoms
lighheadedness,Cardiopulmonary.symptoms
light headedness,Cardiopulmonary.symptoms
light headedness dizziness,Cardiopulmonary.symptoms
light headedness fainting,Cardiopulmonary.symptoms
light headedness palpitations,Cardiopulmonary.symptoms
light headedness syncope,Cardiopulmonary.symptoms
light headeness,Cardiopulmonary.symptoms
light sleeper,Sleep.disturbance
light sleeping,Sleep.disturbance
lightheaded,Cardiopulmonary.symptoms
lightheadedenss,Cardiopulmonary.symptoms
lightheadednes,Cardiopulmonary.symptoms
lightheadedness,Cardiopulmonary.symptoms
lightheadedness dizziness,Cardiopulmonary.symptoms
lightheadedness dizziness fainting,Cardiopulmonary.symptoms
lightheadedness palpitations,Cardiopulmonary.symptoms
lightheadedness palpitations,Cardiopulmonary.symptoms
lightheadedness syncope,Cardiopulmonary.symptoms
lightheadeness,Cardiopulmonary.symptoms
lightheartedness,Cardiopulmonary.symptoms
lighthededness,Cardiopulmonary.symptoms
ligtheadedness,Cardiopulmonary.symptoms
limited by deconditioning,Fatigue
limited by impaired cognition,CNS
limited by lethargy,Fatigue
lips dry,GI.symptoms
liq brown,GI.symptoms
liq dk,Myelosuppressed symptoms
liq stool,GI.symptoms
liquid brown,GI.symptoms
liquid brown stool,GI.symptoms
liquid foul smelling,GI.symptoms
liquid golden stool,GI.symptoms
liquid green,GI.symptoms
liquid green stool,GI.symptoms
liquid stool,GI.symptoms
liquid stools,GI.symptoms
liquidy brownish,GI.symptoms
liquidy golden,GI.symptoms
listless,Depression
listless behavior,Depression
lle weakness,CNS
lomotil,GI.symptoms
loneliness,Depression
lonely,Depression
longer naps,Fatigue
loopiness,CNS
loose,GI.symptoms
loose bms,GI.symptoms
loose bowel motion,GI.symptoms
loose brown ob neg,GI.symptoms
loose brown stool,GI.symptoms
loose dark,Myelosuppressed symptoms
loose dk,Myelosuppressed symptoms
loose golden stool,GI.symptoms
loose melena,Myelosuppressed symptoms
loose nonbloody,GI.symptoms
loose stool,GI.symptoms
loose stools,GI.symptoms
loperamide 2mg q6h prn,GI.symptoms
lorazapem,Sleep.disturbance
lost 10lbs,GI.symptoms
lost feeling,Depression
low back pain,Pain
low energy,Depression
low grade fever,Myelosuppressed symptoms
low grade fevers,Myelosuppressed symptoms
low mood,Depression
lower extremity edema,Cardiopulmonary.symptoms
lower extremity weakness,CNS
lue weakness,CNS
lympadenopathy,Myelosuppressed symptoms
lymph node,Myelosuppressed symptoms
lymphadenopath,Myelosuppressed symptoms
lymphadenopathy,Myelosuppressed symptoms
lymphadenopathy jugular,Myelosuppressed symptoms
lymphadenopathy no jvd,Myelosuppressed symptoms
lymphadenopathy no thyromegaly,Myelosuppressed symptoms
lymphadenopathy supple,Myelosuppressed symptoms
lymphadenopathy thyromegaly,Myelosuppressed symptoms
lymphadenpathy,Myelosuppressed symptoms
lymphadeopathy,Myelosuppressed symptoms
lymphadneopathy,Myelosuppressed symptoms
lymphadnopathy,Myelosuppressed symptoms
maalox,GI.symptoms
macules,Skin.Changes
malaena ileostomy,Myelosuppressed symptoms
malaise,Fatigue
malaise myalgias,Pain
mallox,GI.symptoms
malnutrition,GI.symptoms
manage anxiety insomnia,Sleep.disturbance
manic,Anxiety.Anger
maroon,Myelosuppressed symptoms
maroon stool,Myelosuppressed symptoms
maroon stools,Myelosuppressed symptoms
matutinal insomnia,Sleep.disturbance
melaena,Myelosuppressed symptoms
melana,Myelosuppressed symptoms
melancholic,Depression
melancholy,Depression
melanotic,Skin.Changes
melanotic stool,Myelosuppressed symptoms
melanotic stools,Myelosuppressed symptoms
melanous liquid,Myelosuppressed symptoms
melatonin,Sleep.disturbance
melena,Myelosuppressed symptoms
melena brbpr,Myelosuppressed symptoms
melena dysuria hematuria,Myelosuppressed symptoms
melena hematochezia numbness weakness,Myelosuppressed symptoms
melena maroon stools,Myelosuppressed symptoms
melena stools,Myelosuppressed symptoms
melenas,Myelosuppressed symptoms
melenic,Myelosuppressed symptoms
melenic stool,Myelosuppressed symptoms
melenic stools,Myelosuppressed symptoms
mental depression,Depression
mental status changes,CNS
miconazol powder,Skin.Changes
mid epigastric pain,GI.symptoms
middle insomnia,Sleep.disturbance
migraine,Pain
migraine fibromyalgia,Pain
migraines,Pain
migrains,Pain
mild epigastric pain,GI.symptoms
mildly nauseated,GI.symptoms
miralax,GI.symptoms
mirtazapine,Depression
miserable,Depression
moans alot,Pain
mood depressed,Depression
mood depression,Depression
mood lability,Depression
mood swings,Depression
moods,Depression
more fatigued,Fatigue
more lethargic,Fatigue
morose mood,Depression
morphine,Pain
most likely disseminated fungal,Myelosuppressed symptoms
mostly sleeping during the day,Sleep.disturbance
mouth sores,GI.symptoms
mouth ulcer,GI.symptoms
movement lue weakness rle,CNS
mpain,Pain
ms changes,CNS
mucosa lesion,GI.symptoms
mucosa swelling,GI.symptoms
mucosal bleeding,Myelosuppressed symptoms
mucosal swelling,GI.symptoms
mucositis,GI.symptoms
mucositis pain,GI.symptoms
mucousy green,GI.symptoms
multiple bruises,Skin.Changes
multiple ecchymotic areas,Skin.Changes
multiple eccymotic areas,Skin.Changes
multiple skin tears,Skin.Changes
murphy sign,GI.symptoms
muscle aches joint aches,CNS
muscle aches joint pains,Pain
muscle spasms,Pain
myalgia arthralgia,Pain
myalgias,Pain
mylagias,Pain
mylanta,GI.symptoms
n v diaphoresis palpitations,Cardiopulmonary.symptoms
n v lh,GI.symptoms
napped,Fatigue
napped throughout,Fatigue
napped throughout,Sleep.disturbance
napping,Fatigue
napping frequently,Fatigue
napping frequently,Sleep.disturbance
napping intermittently throughout,Fatigue
napping intermittently throughout,Sleep.disturbance
napping most,Fatigue
napping most,Sleep.disturbance
naps,Fatigue
naps easily,Fatigue
naps easily,Sleep.disturbance
naps less restless,Fatigue
naps through,Fatigue
naps wakes,Fatigue
nasal congestion,Cardiopulmonary.symptoms
nauasea,GI.symptoms
nauesa,GI.symptoms
nause,GI.symptoms
nausea,GI.symptoms
nausea emesis,GI.symptoms
nausea gassiness,GI.symptoms
nausea vomiting,GI.symptoms
nausea vomiting abominal pain,Pain
nauseaous,GI.symptoms
nauseas,GI.symptoms
nauseasted,GI.symptoms
nauseated,GI.symptoms
nauseau,GI.symptoms
nauseaus,GI.symptoms
nauseous,GI.symptoms
nauses,GI.symptoms
nauseus,GI.symptoms
nausious,GI.symptoms
nausous,GI.symptoms
nbnb vomiting,GI.symptoms
neck pain,Pain
neck stiffness,Pain
neckache,Pain
needs frequent orientation,CNS
negative thoughts,Depression
nephropathy,CNS
nephropathy gastroparesis,CNS
nephropathy peripheral neuropathy,CNS
nephropathy retinopathy,CNS
neprhopathy,CNS
nervous,Anxiety.Anger
nervous anxious,Anxiety.Anger
neuroapthy,CNS
neurologic numbness tingling,CNS
neuropahty,CNS
neuropath,CNS
neuropathic,CNS
neuropathic pain,CNS
neuropathy,CNS
neuropathy charcot foot,CNS
neuropathy nephropathy,CNS
neuropathy retinopathy,CNS
neurovegetative symptoms,Depression
neutropenic fever,Myelosuppressed symptoms
neutropenic fevers,Myelosuppressed symptoms
night sweats,CNS
night sweats anorexia,GI.symptoms
night wakes easily,Sleep.disturbance
nightmare,Sleep.disturbance
nightmares,Sleep.disturbance
nightsweats,CNS
no hope for the future,Depression
no t numbness,CNS
nocturnal dyspnea,Cardiopulmonary.symptoms
nocturnal dyspnea orthopnea,Cardiopulmonary.symptoms
non productive,Cardiopulmonary.symptoms
non productive cough,Cardiopulmonary.symptoms
non productve,Cardiopulmonary.symptoms
non sensical statements,CNS
nonbloody watery,GI.symptoms
nonproductive,Cardiopulmonary.symptoms
nonproductive cough,Cardiopulmonary.symptoms
nonproductive coughs,Cardiopulmonary.symptoms
nonsensical speech,CNS
norosity,Depression
nose bleed,Myelosuppressed symptoms
nosebleed,Myelosuppressed symptoms
nosebleeds,Myelosuppressed symptoms
nostril epistaxis,Myelosuppressed symptoms
not been eating well,GI.symptoms
notes decreased appetite,GI.symptoms
nothing matters,Depression
numb,CNS
numbeness,CNS
numbess,CNS
numbess tingling,CNS
numbmess,CNS
numbness,CNS
numbness anywhere,CNS
numbness difficulty speaking,CNS
numbness paresthesias,CNS
numbness tingling,CNS
numbness tingling weakness,CNS
numbness weakness,CNS
numerous ecchymotic areas,Skin.Changes
numerous eccymotic areas,Skin.Changes
numnbess,CNS
o x3 dozing,Fatigue
obsessions,Anxiety.Anger
obsessive,Anxiety.Anger
obsessive compulsive,Anxiety.Anger
obstipation,GI.symptoms
obstructive sleep apnea,Sleep.disturbance
obtunded,CNS
occasional congested non productive,Cardiopulmonary.symptoms
occasionally tearful,Depression
ocugh,Cardiopulmonary.symptoms
odynophagia,GI.symptoms
odynophagia,Myelosuppressed symptoms
offer zofran compazine,GI.symptoms
olanzapine,Sleep.disturbance
ole weakness,CNS
on optiflow,Cardiopulmonary.symptoms
oozing,Skin.Changes
open blisters,Skin.Changes
opened blisters,Skin.Changes
optiflow,Cardiopulmonary.symptoms
or melena gui,Myelosuppressed symptoms
or rhinorrhea mmd,Myelosuppressed symptoms
or strange sensation,CNS
or thyromegaly,Myelosuppressed symptoms
oral mucositis,GI.symptoms
oral sore,GI.symptoms
oral thrush,GI.symptoms
oral ulceration,GI.symptoms
oral ulcerations,GI.symptoms
oral ulcers,GI.symptoms
orhtopnea,Cardiopulmonary.symptoms
orthonpea,Cardiopulmonary.symptoms
orthopea,Cardiopulmonary.symptoms
orthopena,Cardiopulmonary.symptoms
orthopnea,Cardiopulmonary.symptoms
orthopnea ankle,Cardiopulmonary.symptoms
orthopnea palpitations,Cardiopulmonary.symptoms
orthopnea pnd,Cardiopulmonary.symptoms
orthopnea sleeps,Cardiopulmonary.symptoms
orthostatic hypotension,Cardiopulmonary.symptoms
orthpnea,Cardiopulmonary.symptoms
osa,Sleep.disturbance
othopnea,Cardiopulmonary.symptoms
overall achiness,Fatigue
overly anxious,Anxiety.Anger
overwhelmed,Anxiety.Anger
oxymask,Cardiopulmonary.symptoms
paiful stimuli,Pain
pain,Pain
pain control acute,Pain
pain radiating into,Pain
painful,Pain
painful stimulous,Pain
painfull,Pain
pains,Pain
palipitations,Cardiopulmonary.symptoms
paliptations,Cardiopulmonary.symptoms
palms mildly red,Skin.Changes
palpatation,Cardiopulmonary.symptoms
palpatations,Cardiopulmonary.symptoms
palpiations,Cardiopulmonary.symptoms
palpitaions,Cardiopulmonary.symptoms
palpitaitons,Cardiopulmonary.symptoms
palpitation,Cardiopulmonary.symptoms
palpitation dizziness,Cardiopulmonary.symptoms
palpitation dizziness presyncope,Cardiopulmonary.symptoms
palpitations,Cardiopulmonary.symptoms
palpitations diaphoresis,Cardiopulmonary.symptoms
palpitations focal weakness,CNS
palpitations lh,Cardiopulmonary.symptoms
palpitations light headedness,Cardiopulmonary.symptoms
palpitations lightheadedness,Cardiopulmonary.symptoms
palpitations lightheadedness dizziness,Cardiopulmonary.symptoms
palpitations orthopnea dyspnea,Cardiopulmonary.symptoms
palpitations pnd orthopnea,Cardiopulmonary.symptoms
palpitations sweating,Cardiopulmonary.symptoms
palpitations syncope or presyncope,Cardiopulmonary.symptoms
palpitiations,Cardiopulmonary.symptoms
panic,Anxiety.Anger
panic attack,Anxiety.Anger
panic attacks,Anxiety.Anger
panic state,Anxiety.Anger
panicky,Anxiety.Anger
panics,Anxiety.Anger
paplitations,Anxiety.Anger
paplitations,Cardiopulmonary.symptoms
paraesthesias,CNS
paranoia,CNS
paranoid,CNS
paranoid behavior,CNS
paranoid ideations,CNS
paranoid thinking,CNS
parasthesiae,CNS
parasthesias,CNS
paresthesia,CNS
paresthesianumb,CNS
paresthesias,CNS
paresthesias weakness,CNS
paroxysmal nocturnal dyspnea,Cardiopulmonary.symptoms
pca,Pain
peeling,Skin.Changes
peeling skin,Skin.Changes
pelvic pain,Pain
peptic ulcer,GI.symptoms
pepto bismol,GI.symptoms
per rectum melena,Myelosuppressed symptoms
perianal pain,GI.symptoms
perioral numbness,CNS
peripheral neuropathy,CNS
peripheral neuropathy retinopathy,CNS
perirectal pain,GI.symptoms
perisistent worry,Anxiety.Anger
periumbilical abdominal pain,Pain
persistent fevers,Myelosuppressed symptoms
pessimistic,Depression
petechia,Skin.Changes
petechiae,Skin.Changes
petechial,Skin.Changes
petechie,Skin.Changes
petichea,Skin.Changes
peticheal,Skin.Changes
pettechiae,Skin.Changes
phenegran,GI.symptoms
phlegmoncellulitis,Skin.Changes
pillow orthopnea,Cardiopulmonary.symptoms
pink red wound beds,Skin.Changes
pins and needles,CNS
pins needles,CNS
pissed off,Anxiety.Anger
pleuritic chest pain,Pain
pnd,Cardiopulmonary.symptoms
pnd orthopnea,Cardiopulmonary.symptoms
pnd orthopnea syncope,Cardiopulmonary.symptoms
polyneuropathy,CNS
poor appetite,GI.symptoms
poor intake,GI.symptoms
poor judgement,Depression
poor po intake,GI.symptoms
poor po intakes,GI.symptoms
poor quality sleep,Sleep.disturbance
poor sleep,Sleep.disturbance
poor sleep pattern,Sleep.disturbance
pound weight loss,GI.symptoms
precedex,Anxiety.Anger
pressure palpitations,Cardiopulmonary.symptoms
pressure palpitations light headedness,Cardiopulmonary.symptoms
presyncope,CNS
problems swallowing,GI.symptoms
problems with sleeping,Sleep.disturbance
produc,Cardiopulmonary.symptoms
producive,Cardiopulmonary.symptoms
productive,Cardiopulmonary.symptoms
productive cough,Cardiopulmonary.symptoms
productive cough,Myelosuppressed symptoms
profuse diarrhea,GI.symptoms
progressive dyspnea,Cardiopulmonary.symptoms
progressive generalized weakness,Fatigue
prolonged sleep,Sleep.disturbance
pruitis,Skin.Changes
pruritic,Skin.Changes
pruritis,Skin.Changes
pruritus,Skin.Changes
prurutis,Skin.Changes
psoriasis,Skin.Changes
psychosis,CNS
ptsd personality disorder,Anxiety.Anger
puborectalis dysfunction,GI.symptoms
pulmonary edema,Cardiopulmonary.symptoms
purities,Skin.Changes
puritis,Skin.Changes
puritus,Skin.Changes
purpura,Skin.Changes
queasy,GI.symptoms
quickly exhausted,Fatigue
quite frustrated,Depression
quite nauseated,GI.symptoms
racing thoughts,Depression
raise secreations,Cardiopulmonary.symptoms
raised rash,Skin.Changes
raised red,Skin.Changes
raising tan secretions,Cardiopulmonary.symptoms
raising thin clear,Cardiopulmonary.symptoms
rapid heart beat,Cardiopulmonary.symptoms
rapid heartbeat,Cardiopulmonary.symptoms
rash,Skin.Changes
rash itching,Skin.Changes
rash sulfa,Skin.Changes
rashes,Skin.Changes
rashy,Skin.Changes
rectal bleeding,Myelosuppressed symptoms
red areas,Skin.Changes
red blood per rectum,Myelosuppressed symptoms
red blotchy,Skin.Changes
red macular rash,Skin.Changes
red raised rash,Skin.Changes
red rash,Skin.Changes
red rash over,Skin.Changes
reddened,Skin.Changes
reddness,Skin.Changes
rednes,Skin.Changes
redness,Skin.Changes
redness of the skin,Skin.Changes
redness or,Skin.Changes
redness swelling,Skin.Changes
redness warmth,Skin.Changes
reduced appetite,GI.symptoms
reduced energy,Fatigue
reflux,GI.symptoms
reflux symptoms,GI.symptoms
regret,Depression
regretful,Depression
remorseful,Depression
reports decreased appetite,GI.symptoms
reports haviong cpap,Cardiopulmonary.symptoms
requested sleeping pill,Sleep.disturbance
requesting sleep aid,Sleep.disturbance
resltessness,Anxiety.Anger
resp distess,Cardiopulmonary.symptoms
resp distress,Cardiopulmonary.symptoms
resp failure,Cardiopulmonary.symptoms
respiratory distress,Cardiopulmonary.symptoms
respiratory failure,Cardiopulmonary.symptoms
resteril,Sleep.disturbance
restlesness,Anxiety.Anger
restless,Anxiety.Anger
restless leg syndrome,CNS
restless sleep,Sleep.disturbance
restlessnes,Anxiety.Anger
restlessness,Anxiety.Anger
restlessness aggitation,Anxiety.Anger
restlessness agitation,Anxiety.Anger
restoril,Sleep.disturbance
restoril 15mg qhs,Sleep.disturbance
restricted affect,Depression
retention fecal,GI.symptoms
retinal bleeding,Myelosuppressed symptoms
retinal hemorrhage,Myelosuppressed symptoms
retinopathy neuropathy,CNS
retrosternal chest pain,Pain
rhinnorhea,Myelosuppressed symptoms
rhinorrea,Myelosuppressed symptoms
rhinorrhea,Myelosuppressed symptoms
rhinorrhea dry,Myelosuppressed symptoms
rhinorrhea dry mm,Myelosuppressed symptoms
rhinorrhea mm,Myelosuppressed symptoms
rhinorrhea sore,Myelosuppressed symptoms
right hand also erythemetous,Skin.Changes
right sided weakness,CNS
right weakness,CNS
rle spasticity and weakness,CNS
rue weakness,CNS
runny,Myelosuppressed symptoms
runny nose,Myelosuppressed symptoms
ruq pain,GI.symptoms
ruq pain,Pain
sad,Depression
sad mood,Depression
saddened,Depression
saddened by,Depression
saddened that,Depression
sadness,Depression
sadness about,Depression
scabbed,Skin.Changes
scabbed lesion,Skin.Changes
scabs,Skin.Changes
scaling rash,Skin.Changes
scared,Anxiety.Anger
scared about,Anxiety.Anger
scary,Anxiety.Anger
scatt eccymosis,Skin.Changes
scattered abrasions,Skin.Changes
scattered scabs,Skin.Changes
scrapes,Skin.Changes
sedative effect,Anxiety.Anger
seemed frustrated,Depression
seems somewhat anxious,Anxiety.Anger
seizure,CNS
semi formed stool,GI.symptoms
semi liquid,GI.symptoms
semiformed stool,GI.symptoms
semiproductive,Cardiopulmonary.symptoms
sensory loss,CNS
sepsis,Myelosuppressed symptoms
seraquel,Sleep.disturbance
serax,Sleep.disturbance
serax 15mg,Sleep.disturbance
serax 20mg,Sleep.disturbance
seroqel,Sleep.disturbance
seroquil,Sleep.disturbance
seroqul,Sleep.disturbance
several ecchymotic areas,Skin.Changes
several eccymotic areas,Skin.Changes
several skin tears,Skin.Changes
severe headache,Pain
severe headache dizziness,Pain
severe headaches,Pain
severely unwell,Fatigue
shaking chills,Myelosuppressed symptoms
shaking chills night sweats,Myelosuppressed symptoms
sharp,Pain
sharp constant,Pain
sharp epigastric,GI.symptoms
sharp intermittent,Pain
sharp sscp,Pain
sharp stabbing,Pain
she feels nervous,Anxiety.Anger
shooting pains,CNS
shorntess of breath,Cardiopulmonary.symptoms
short naps,Fatigue
short naps during noc,Fatigue
short of sleep,Sleep.disturbance
short term memory,CNS
shortness,Cardiopulmonary.symptoms
shortness of,Cardiopulmonary.symptoms
shortness of breath,Cardiopulmonary.symptoms
shortness of rbeath,Cardiopulmonary.symptoms
shoulder pain,Pain
sick feeling,GI.symptoms
significantly deconditioned,Fatigue
simethicone,GI.symptoms
sinus congestion,Myelosuppressed symptoms
sips gingerale,GI.symptoms
site redness,Skin.Changes
skin breakdown,Skin.Changes
skin diffuse macular,Skin.Changes
skin driness,Skin.Changes
skin multiple bruised,Skin.Changes
skin multiple bruises,Skin.Changes
skin nodules,Skin.Changes
skin redness,Skin.Changes
skin soles minimally red,Skin.Changes
skin sore,Skin.Changes
skin tear,Skin.Changes
skin tears,Skin.Changes
skin ulcer,Skin.Changes
sleep aid,Sleep.disturbance
sleep aide,Sleep.disturbance
sleep apnea,Sleep.disturbance
sleep depravation,Sleep.disturbance
sleep deprivation,Sleep.disturbance
sleep difficult,Sleep.disturbance
sleep disordered,Sleep.disturbance
sleep disorders,Sleep.disturbance
sleep disturbance,Sleep.disturbance
sleep dysfunction,Sleep.disturbance
sleep is disrupted,Sleep.disturbance
sleep is restless,Sleep.disturbance
sleepiness,Fatigue
sleeping difficulties,Sleep.disturbance
sleeping intermittently,Sleep.disturbance
sleeping pill,Sleep.disturbance
sleeping poorly,Sleep.disturbance
sleeplessness,Fatigue
sleeps short,Sleep.disturbance
sleepy,Fatigue
sleepy awakens easily,Fatigue
sleepy but easily rouseable,Fatigue
slept intermittantly,Sleep.disturbance
slept poorly,Sleep.disturbance
slept poorly last night,Sleep.disturbance
slept very little,Sleep.disturbance
sligguishness,Fatigue
slight hand tremors,CNS
slightly nauseated,GI.symptoms
sluggish,Fatigue
slurred speech,CNS
sm loose stools,GI.symptoms
small abrasion,Skin.Changes
small abrasions,Skin.Changes
small ammts thick yellow,Cardiopulmonary.symptoms
snoozing,Sleep.disturbance
snore,Fatigue
snores,Fatigue
soar throat,Myelosuppressed symptoms
sob,Cardiopulmonary.symptoms
sob diaphoresis nausea,Cardiopulmonary.symptoms
sob diaphoresis nausea,Cardiopulmonary.symptoms
sob dizziness,Cardiopulmonary.symptoms
sob palpitations n v,Cardiopulmonary.symptoms
sobbing,Depression
somber,Depression
some bruising,Skin.Changes
some difficulty swallowing,GI.symptoms
somewhat demented,Depression
somewhat discouraged,Depression
somewhat frail,Depression
somewhat frustrated,Depression
somewhat irritable,Depression
somewhat paranoid,Depression
somewhat uncooperative,Depression
somnolence,Fatigue
somnolent,Fatigue
somnulent,Fatigue
somulence,Fatigue
somulent,Fatigue
sore,Pain
sore,Skin.Changes
sore throat,Cardiopulmonary.symptoms
sore throat difficulty swallowing,GI.symptoms
sore throats,Cardiopulmonary.symptoms
soreness,Pain
sorethroat,Cardiopulmonary.symptoms
sounding confused,CNS
sour stomach,GI.symptoms
spasm like,Pain
speech difficulties,CNS
speech disturbance,CNS
speech disturbance,CNS
spiked fever,Myelosuppressed symptoms
spiking fevers,Myelosuppressed symptoms
spitting up blood,Myelosuppressed symptoms
squeezing in nature,Pain
stabbing sensation,Pain
stars she also complains,Anxiety.Anger
start miralax 17g,GI.symptoms
sternal discomfort,Pain
stiffness,Pain
stiffness weaknes numbness,CNS
stinging,CNS
stomach cramps,Pain
stomach pains,Pain
stomach upset,GI.symptoms
stool softeners,GI.symptoms
stool tarry,Myelosuppressed symptoms
strange behavior,CNS
stressed,Anxiety.Anger
stressful,Anxiety.Anger
strong cough,Cardiopulmonary.symptoms
strong occasionally productive,Cardiopulmonary.symptoms
strong productive cough,Cardiopulmonary.symptoms
strong unproductive,Cardiopulmonary.symptoms
sub sternal chest pain,Pain
subdued,Depression
subjective fever,Myelosuppressed symptoms
subjective fevers chills,Myelosuppressed symptoms
substernal chest pain,Pain
substernal chest pressure,Pain
suicial ideation,Depression
suicidal,Depression
suicidal homicidal ideation,Depression
suicidal ideation,Depression
suicidality,Depression
suicide attempt,Depression
sundowning,CNS
suppository,GI.symptoms
sw offered empathic support,Depression
sw provided emotional,Depression
sw provided empathic support,Depression
swearing,Anxiety.Anger
sweatiness sbp 140,CNS
sweating,CNS
sweats,CNS
sweats arthralgias,Pain
swell,Cardiopulmonary.symptoms
swelling,Cardiopulmonary.symptoms
swollen,Cardiopulmonary.symptoms
swollows sputum,Cardiopulmonary.symptoms
syncope,CNS
syncope orthopnea pnd,Cardiopulmonary.symptoms
tachpenia,Cardiopulmonary.symptoms
tachycardia,Cardiopulmonary.symptoms
tachycardia sustained pain control,Cardiopulmonary.symptoms
tachycardic,Cardiopulmonary.symptoms
tachypnea,Cardiopulmonary.symptoms
tachypneic,Cardiopulmonary.symptoms
tachypnic,Cardiopulmonary.symptoms
tactile disturbances,CNS
takes klonopin,Anxiety.Anger
takes stivan,Anxiety.Anger
taking gingerale,GI.symptoms
taking short naps,Sleep.disturbance
talking about dying,Depression
tarry,Myelosuppressed symptoms
tarry stool,Myelosuppressed symptoms
tarry stools,Myelosuppressed symptoms
tatt,Fatigue
tearful,Depression
tearful stating that,Depression
teary,Depression
temazepam,Sleep.disturbance
temp spike,Myelosuppressed symptoms
temperature spike,Myelosuppressed symptoms
tender,GI.symptoms
tenderess,GI.symptoms
tenseness,Anxiety.Anger
terminal insomnia,Sleep.disturbance
terrifying dreams,Sleep.disturbance
thingling,CNS
thirsty,GI.symptoms
throat discomfort,Myelosuppressed symptoms
throat irritation,Myelosuppressed symptoms
throat rhinorrhea,Myelosuppressed symptoms
throbbing,Pain
throbbing headache,Pain
thrush,GI.symptoms
tightness,Pain
time tired,Fatigue
tingeling,CNS
tinging,CNS
tingling,CNS
tingling headache,CNS
tingling numbness,CNS
tingling weakness,CNS
tired,Fatigue
tired all the time,Fatigue
tired feeling,Fatigue
tires quickly,Fatigue
tongue swelling,GI.symptoms
too emotionally,Depression
too much sleep,Fatigue
took tums,GI.symptoms
tosses and turns in sleep,Sleep.disturbance
trazadone,Sleep.disturbance
trazadone 25mg,Sleep.disturbance
trazedone,Sleep.disturbance
tremor,CNS
tremors,CNS
tremors myoclonus,CNS
tremors sweats,CNS
tremulousness,CNS
triamcinolone cream,Skin.Changes
trouble falling asleep,Sleep.disturbance
trouble sleeping,Sleep.disturbance
trouble swallowing,GI.symptoms
turmoil,Anxiety.Anger
twinge,CNS
typical migraine,Pain
understandable difficulty coping,Depression
understandably overwhelmed,Depression
understandably sad,Depression
understandably tearful,Depression
uneasiness,Anxiety.Anger
unfair,Depression
unhappiness,Depression
unintentional weight loss,GI.symptoms
unpleasant dreams,Sleep.disturbance
unresponsiveness,CNS
unsatisfied,Depression
upper epigatric discomfort,GI.symptoms
upper extremity weakness,CNS
upset stomach,GI.symptoms
upset tummy,GI.symptoms
uri,Myelosuppressed symptoms
uri symptoms,Myelosuppressed symptoms
urticaria,Skin.Changes
using pca dilaudid,Pain
using yankour,Cardiopulmonary.symptoms
vaginal bleeding,Myelosuppressed symptoms
vasopressin,Cardiopulmonary.symptoms
venous distention,Myelosuppressed symptoms
ventilation impaired pain control,Pain
verbalizing concerns,Depression
verbalizing fear,Depression
vertigo,CNS
vertigo tinnitus,CNS
very agiated,Depression
very anxious,Anxiety.Anger
very concerned,Anxiety.Anger
very emotional,Depression
very frightened,Depression
very frustrated,Depression
very isolated lonely,Depression
very little sleep,Sleep.disturbance
very painful,Pain
very sad,Depression
very scared,Anxiety.Anger
very sleepy,Fatigue
very tearful,Depression
very weak cough,Cardiopulmonary.symptoms
very weak cough effort,Cardiopulmonary.symptoms
viral possibilities include,Myelosuppressed symptoms
visibly frustrated,Depression
vision changes,CNS
vision difficulty speaking,CNS
vision weakness numbness,CNS
visual blurring,CNS
visual changes,CNS
visual changes weakness,CNS
visual disturbance,CNS
visual hallucination,CNS
visual hallucinations,CNS
visual halucinations,CNS
vivid dreams,Sleep.disturbance
voicing concerns,Depression
vominting,GI.symptoms
vomit,GI.symptoms
vomited,GI.symptoms
vomited 100cc,GI.symptoms
vomited 300cc,GI.symptoms
vomited after eating,GI.symptoms
vomited several,GI.symptoms
vomited several times,GI.symptoms
vomiting,GI.symptoms
vomitng,GI.symptoms
vomitted,GI.symptoms
vomitted twice,GI.symptoms
vomitting,GI.symptoms
wakes and cant sleep again,Sleep.disturbance
wakes during night,Sleep.disturbance
wakes early,Sleep.disturbance
wakes up at night,Sleep.disturbance
wakes up during night,Sleep.disturbance
waking night,Sleep.disturbance
warmth erythema,Skin.Changes
was upset,Anxiety.Anger
washed out,Fatigue
watery,GI.symptoms
watery diarrhea,GI.symptoms
watery stool,GI.symptoms
watery stools,GI.symptoms
weak cough,Cardiopulmonary.symptoms
weak cough effort,Cardiopulmonary.symptoms
weakness,Fatigue
weakness numbess,CNS
weakness numbness,CNS
weakness numbness paresthesias,CNS
weakness numbness tingling,CNS
weakness parasthesias,CNS
weakness sensory loss,CNS
weariness,Fatigue
weary,Fatigue
weight loss,GI.symptoms
weight loss over,GI.symptoms
weightloss,GI.symptoms
wellbutrin,Depression
withdrawal tremulousness anxiety,Anxiety.Anger
word finding difficulties,CNS
word finding difficulty,CNS
worn out,Fatigue
worries,Anxiety.Anger
worsening dyspnea,Cardiopulmonary.symptoms
worthlessness,Depression
would doze,Fatigue
wt loss,GI.symptoms
xanax,Sleep.disturbance
xerosis,Skin.Changes
yellow sputum production,Myelosuppressed symptoms
yogart,GI.symptoms
zofran,GI.symptoms
zolpidem,Sleep.disturbance
zyprexa,Depression
kussmaul breathing,Cardiopulmonary.symptoms
poorly responsive,CNS
